{
  "metadata": {
    "generated_at": "2025-10-05T22:38:23.985740",
    "tsp_instance": "lin105",
    "optimal_cost": 14382.99593345118,
    "experiment_settings": {
      "max_seconds": 5.0,
      "n_runs": 5,
      "parallel_runs": true,
      "num_workers": 8
    }
  },
  "algorithms": {
    "SA_random": {
      "count": 5,
      "mean": 15813.39965757066,
      "std": 468.6255119981217,
      "min": 15343.037321276835,
      "max": 16512.110442517842,
      "median": 15561.406542479184,
      "q1": 15422.213430773176,
      "q3": 16228.230550806275,
      "iqr": 806.0171200330988,
      "gap_to_optimal_pct": 9.945102750065615,
      "best_gap_to_optimal_pct": 6.674835981791838,
      "worst_gap_to_optimal_pct": 14.80299736520736
    },
    "GA_random": {
      "count": 5,
      "mean": 15968.188175037902,
      "std": 770.968166427883,
      "min": 14803.05991616162,
      "max": 16826.454812182918,
      "median": 15796.868777276197,
      "q1": 15601.417641142174,
      "q3": 16813.139728426602,
      "iqr": 1211.7220872844282,
      "gap_to_optimal_pct": 11.021293817513843,
      "best_gap_to_optimal_pct": 2.9205596987862403,
      "worst_gap_to_optimal_pct": 16.988525130907362
    },
    "SA_NN": {
      "count": 5,
      "mean": 15386.855136045797,
      "std": 489.62227003089555,
      "min": 14761.82471466921,
      "max": 16181.377900148316,
      "median": 15361.113259899072,
      "q1": 15027.120871527959,
      "q3": 15602.83893398442,
      "iqr": 575.7180624564608,
      "gap_to_optimal_pct": 6.97948610455974,
      "best_gap_to_optimal_pct": 2.6338655935858934,
      "worst_gap_to_optimal_pct": 12.5035282984024
    },
    "GA_NN": {
      "count": 5,
      "mean": 15537.200436937084,
      "std": 313.881977366472,
      "min": 15270.38509472133,
      "max": 16125.87714420067,
      "median": 15434.139704985868,
      "q1": 15285.813478290012,
      "q3": 15569.786762487549,
      "iqr": 283.9732841975365,
      "gap_to_optimal_pct": 8.024785022719216,
      "best_gap_to_optimal_pct": 6.169710158968411,
      "worst_gap_to_optimal_pct": 12.117650723212625
    }
  },
  "nearest_neighbor_baseline": {
    "count": 1,
    "mean": 20067.65835148186,
    "std": 0.0,
    "min": 20067.65835148186,
    "max": 20067.65835148186,
    "median": 20067.65835148186,
    "q1": 20067.65835148186,
    "q3": 20067.65835148186,
    "iqr": 0.0,
    "gap_to_optimal_pct": 39.523493188297465,
    "best_gap_to_optimal_pct": 39.523493188297465,
    "worst_gap_to_optimal_pct": 39.523493188297465
  },
  "experiment_config": {
    "max_seconds": 5.0,
    "n_runs": 5,
    "algorithms": [
      "SA_random",
      "GA_random",
      "SA_NN",
      "GA_NN"
    ]
  }
}