{
  "metadata": {
    "generated_at": "2025-10-05T23:01:30.833899",
    "tsp_instance": "lin105",
    "optimal_cost": 14382.99593345118,
    "experiment_settings": {
      "max_seconds": 5.0,
      "n_runs": 5,
      "parallel_runs": true,
      "num_workers": 8
    }
  },
  "algorithms": {
    "SA_random": {
      "count": 5,
      "mean": 16012.482621693722,
      "std": 812.2855785412886,
      "min": 14910.960509124585,
      "max": 16927.193332199335,
      "median": 16286.156116879023,
      "q1": 15204.09309143564,
      "q3": 16734.010058830037,
      "iqr": 1529.916967394398,
      "gap_to_optimal_pct": 11.329257797068347,
      "best_gap_to_optimal_pct": 3.67075523149869,
      "worst_gap_to_optimal_pct": 17.688925245615895
    },
    "GA_random": {
      "count": 5,
      "mean": 15424.570200347362,
      "std": 802.9888234298182,
      "min": 14720.443181384559,
      "max": 16631.961357906952,
      "median": 14819.544025024956,
      "q1": 14804.95418005342,
      "q3": 16145.94825736693,
      "iqr": 1340.9940773135095,
      "gap_to_optimal_pct": 7.241705912422214,
      "best_gap_to_optimal_pct": 2.346154094005981,
      "worst_gap_to_optimal_pct": 15.63627935974905
    },
    "SA_NN": {
      "count": 5,
      "mean": 15694.858663424468,
      "std": 1004.7537928402737,
      "min": 14942.073016688133,
      "max": 17685.414089156384,
      "median": 15285.69959758063,
      "q1": 15217.526367551001,
      "q3": 15343.580246146194,
      "iqr": 126.05387859519215,
      "gap_to_optimal_pct": 9.120928185220635,
      "best_gap_to_optimal_pct": 3.8870697441878654,
      "worst_gap_to_optimal_pct": 22.960572129653613
    },
    "GA_NN": {
      "count": 5,
      "mean": 15401.394448866462,
      "std": 460.6928964684674,
      "min": 15044.396451813853,
      "max": 16297.019936700484,
      "median": 15171.348216956554,
      "q1": 15122.475021703787,
      "q3": 15371.732617157631,
      "iqr": 249.25759545384426,
      "gap_to_optimal_pct": 7.080572921853823,
      "best_gap_to_optimal_pct": 4.5984892259089305,
      "worst_gap_to_optimal_pct": 13.307547412968201
    }
  },
  "nearest_neighbor_baseline": {
    "count": 1,
    "mean": 19862.014199310805,
    "std": 0.0,
    "min": 19862.014199310805,
    "max": 19862.014199310805,
    "median": 19862.014199310805,
    "q1": 19862.014199310805,
    "q3": 19862.014199310805,
    "iqr": 0.0,
    "gap_to_optimal_pct": 38.09372046832624,
    "best_gap_to_optimal_pct": 38.09372046832624,
    "worst_gap_to_optimal_pct": 38.09372046832624
  },
  "experiment_config": {
    "max_seconds": 5.0,
    "n_runs": 5,
    "algorithms": [
      "SA_random",
      "GA_random",
      "SA_NN",
      "GA_NN"
    ]
  }
}