{
  "metadata": {
    "generated_at": "2025-10-05T22:28:42.874091",
    "tsp_instance": "lin105",
    "optimal_cost": 14382.99593345118,
    "experiment_settings": {
      "max_seconds": 5.0,
      "n_runs": 5,
      "parallel_runs": true,
      "num_workers": 8
    }
  },
  "algorithms": {
    "SA_random": {
      "count": 5,
      "mean": 15494.082765329149,
      "std": 686.2448761133338,
      "min": 14848.298951006358,
      "max": 16753.666628440315,
      "median": 15394.01000970807,
      "q1": 14913.877592942219,
      "q3": 15560.56064454879,
      "iqr": 646.6830516065711,
      "gap_to_optimal_pct": 7.725002753382304,
      "best_gap_to_optimal_pct": 3.235091073571139,
      "worst_gap_to_optimal_pct": 16.482454044748486
    },
    "GA_random": {
      "count": 5,
      "mean": 16237.127463653218,
      "std": 711.8617644092175,
      "min": 15458.486620194302,
      "max": 17132.37609781738,
      "median": 15791.867256865613,
      "q1": 15740.499315850937,
      "q3": 17062.408027537855,
      "iqr": 1321.9087116869177,
      "gap_to_optimal_pct": 12.891135746550564,
      "best_gap_to_optimal_pct": 7.477515058193163,
      "worst_gap_to_optimal_pct": 19.11549010433802
    },
    "SA_NN": {
      "count": 5,
      "mean": 15023.538062785741,
      "std": 422.7979540077478,
      "min": 14482.17064109166,
      "max": 15713.779925570809,
      "median": 15087.263972436032,
      "q1": 14696.310762524812,
      "q3": 15138.165012305377,
      "iqr": 441.8542497805647,
      "gap_to_optimal_pct": 4.453468055600451,
      "best_gap_to_optimal_pct": 0.689527467708051,
      "worst_gap_to_optimal_pct": 9.252481181786077
    },
    "GA_NN": {
      "count": 5,
      "mean": 15510.099158646219,
      "std": 352.22577900195046,
      "min": 15137.221054450356,
      "max": 16119.832984552924,
      "median": 15345.785254785307,
      "q1": 15273.989112846584,
      "q3": 15673.667386595924,
      "iqr": 399.6782737493395,
      "gap_to_optimal_pct": 7.836359200892806,
      "best_gap_to_optimal_pct": 5.243866608103809,
      "worst_gap_to_optimal_pct": 12.07562777002742
    }
  },
  "nearest_neighbor_baseline": {
    "count": 1,
    "mean": 19673.29354786991,
    "std": 0.0,
    "min": 19673.29354786991,
    "max": 19673.29354786991,
    "median": 19673.29354786991,
    "q1": 19673.29354786991,
    "q3": 19673.29354786991,
    "iqr": 0.0,
    "gap_to_optimal_pct": 36.78161100021482,
    "best_gap_to_optimal_pct": 36.78161100021482,
    "worst_gap_to_optimal_pct": 36.78161100021482
  },
  "experiment_config": {
    "max_seconds": 5.0,
    "n_runs": 5,
    "algorithms": [
      "SA_random",
      "GA_random",
      "SA_NN",
      "GA_NN"
    ]
  }
}