{
  "metadata": {
    "generated_at": "2025-10-05T23:02:05.592238",
    "tsp_instance": "lin105",
    "optimal_cost": 14382.99593345118,
    "experiment_settings": {
      "calibration_time": 2.0,
      "max_normalized_steps": 100000,
      "n_runs": 5,
      "parallel_runs": true,
      "num_workers": 8
    }
  },
  "algorithms": {
    "SA_random": {
      "count": 5,
      "mean": 15306.236528531212,
      "std": 447.262297300121,
      "min": 14602.693488083272,
      "max": 15997.50014228392,
      "median": 15262.241113866019,
      "q1": 15225.102283000344,
      "q3": 15443.645615422509,
      "iqr": 218.5433324221649,
      "gap_to_optimal_pct": 6.418972788087984,
      "best_gap_to_optimal_pct": 1.527481170464151,
      "worst_gap_to_optimal_pct": 11.225089795637189
    },
    "GA_random": {
      "count": 5,
      "mean": 18482.42804127147,
      "std": 395.1800862875539,
      "min": 17878.331223552395,
      "max": 19106.192865359226,
      "median": 18517.790026291652,
      "q1": 18345.239981238177,
      "q3": 18564.586109915912,
      "iqr": 219.34612867773467,
      "gap_to_optimal_pct": 28.50193469279967,
      "best_gap_to_optimal_pct": 24.301858293458565,
      "worst_gap_to_optimal_pct": 32.83875594321135
    }
  },
  "calibration": {
    "steps_per_second": {
      "SA_random": 43149.06564031536,
      "GA_random": 147.9669575726668
    },
    "reference_algorithm": "SA_random",
    "work_per_step": {
      "SA_random": 1.0,
      "GA_random": 291.6128461932104
    }
  },
  "experiment_config": {
    "max_normalized_steps": 100000,
    "n_runs": 5,
    "algorithms": [
      "SA_random",
      "GA_random"
    ],
    "use_nn_initialization": false
  }
}