{
  "metadata": {
    "generated_at": "2025-10-05T22:24:33.094310",
    "tsp_instance": "lin105",
    "optimal_cost": 14382.99593345118,
    "experiment_settings": {
      "calibration_time": 2.0,
      "max_normalized_steps": 100000,
      "n_runs": 5,
      "parallel_runs": true,
      "num_workers": 8
    }
  },
  "algorithms": {
    "SA_NN": {
      "count": 5,
      "mean": 15033.552821213121,
      "std": 221.45962401985105,
      "min": 14667.509949477651,
      "max": 15250.114762760464,
      "median": 15179.43527690775,
      "q1": 14888.642819672516,
      "q3": 15182.06129724722,
      "iqr": 293.4184775747053,
      "gap_to_optimal_pct": 4.523097209872051,
      "best_gap_to_optimal_pct": 1.9781276261419567,
      "worst_gap_to_optimal_pct": 6.028777546217512
    },
    "GA_NN": {
      "count": 5,
      "mean": 15622.153271219151,
      "std": 426.72084521386836,
      "min": 15172.621971838025,
      "max": 16342.925788080702,
      "median": 15473.771839421393,
      "q1": 15278.502121433357,
      "q3": 15842.944635322285,
      "iqr": 564.4425138889274,
      "gap_to_optimal_pct": 8.615432720007977,
      "best_gap_to_optimal_pct": 5.48999695223702,
      "worst_gap_to_optimal_pct": 13.626714932674243
    }
  },
  "calibration": {
    "steps_per_second": {
      "SA_random": 51242.39034364185,
      "GA_random": 146.1468315061488
    },
    "reference_algorithm": "SA_random",
    "work_per_step": {
      "SA_random": 1.0,
      "GA_random": 350.6226567866847
    }
  },
  "experiment_config": {
    "max_normalized_steps": 100000,
    "n_runs": 5,
    "algorithms": [
      "SA_NN",
      "GA_NN"
    ],
    "use_nn_initialization": true
  }
}