{
  "metadata": {
    "generated_at": "2025-10-05T21:07:22.897310",
    "tsp_instance": "lin105",
    "optimal_cost": 14382.99593345118,
    "experiment_settings": {
      "max_seconds": 5.0,
      "n_runs": 5,
      "parallel_runs": true,
      "num_workers": 8
    }
  },
  "algorithms": {
    "SA_random": {
      "final_costs": {
        "count": 5,
        "mean": 15406.823577255966,
        "std": 377.39328811805564,
        "min": 14808.00770304159,
        "max": 15923.724423805474,
        "median": 15545.998000957356,
        "q1": 15197.427878869525,
        "q3": 15558.959879605882,
        "iqr": 361.5320007363571,
        "gap_to_optimal_pct": 7.1183197752536564,
        "best_gap_to_optimal_pct": 2.9549599510206415,
        "worst_gap_to_optimal_pct": 10.71215272174937
      },
      "iterations": {
        "count": 5,
        "mean": 198921.4,
        "std": 5536.065844984144,
        "min": 192558.0,
        "max": 207131.0,
        "median": 200985.0,
        "q1": 192877.0,
        "q3": 201056.0,
        "iqr": 8179.0
      },
      "convergence_times": {
        "count": 5,
        "mean": 5.000009017402772,
        "std": 6.775146428469347e-06,
        "min": 5.000000486033969,
        "max": 5.000016616017092,
        "median": 5.000011784955859,
        "q1": 5.0000014049583115,
        "q3": 5.000014795048628,
        "iqr": 1.3390090316534042e-05
      }
    },
    "GA_random": {
      "final_costs": {
        "count": 5,
        "mean": 16062.680304139061,
        "std": 285.7951079142956,
        "min": 15592.57437520012,
        "max": 16419.84221336662,
        "median": 16029.013693484518,
        "q1": 15981.1482440359,
        "q3": 16290.822994608137,
        "iqr": 309.6747505722378,
        "gap_to_optimal_pct": 11.678264934924742,
        "best_gap_to_optimal_pct": 8.409780878375761,
        "worst_gap_to_optimal_pct": 14.161488255574461
      },
      "iterations": {
        "count": 5,
        "mean": 634.6,
        "std": 78.85328147895939,
        "min": 550.0,
        "max": 735.0,
        "median": 586.0,
        "q1": 577.0,
        "q3": 725.0,
        "iqr": 148.0
      },
      "convergence_times": {
        "count": 5,
        "mean": 5.002047754614614,
        "std": 0.0011843389715617712,
        "min": 5.000370122026652,
        "max": 5.003872273024172,
        "median": 5.001837015035562,
        "q1": 5.001437994011212,
        "q3": 5.002721368975472,
        "iqr": 0.0012833749642595649
      }
    }
  },
  "experiment_config": {
    "max_seconds": 5.0,
    "n_runs": 5,
    "algorithms": [
      "SA_random",
      "GA_random"
    ],
    "use_nn_initialization": false
  }
}