{
  "metadata": {
    "generated_at": "2025-10-05T23:01:56.474617",
    "tsp_instance": "lin105",
    "optimal_cost": 14382.99593345118,
    "experiment_settings": {
      "max_seconds": 5.0,
      "n_runs": 5,
      "parallel_runs": true,
      "num_workers": 8
    }
  },
  "algorithms": {
    "SA_NN": {
      "final_costs": {
        "count": 5,
        "mean": 15149.977452400874,
        "std": 445.8425839566921,
        "min": 14632.906215416959,
        "max": 15805.024227354677,
        "median": 15232.981436894737,
        "q1": 14674.711409911271,
        "q3": 15404.263972426728,
        "iqr": 729.5525625154569,
        "gap_to_optimal_pct": 5.332557434476426,
        "best_gap_to_optimal_pct": 1.7375398221767702,
        "worst_gap_to_optimal_pct": 9.88687127830039
      },
      "iterations": {
        "count": 5,
        "mean": 194386.6,
        "std": 3444.169252519394,
        "min": 188459.0,
        "max": 197532.0,
        "median": 196001.0,
        "q1": 192626.0,
        "q3": 197315.0,
        "iqr": 4689.0
      },
      "convergence_times": {
        "count": 5,
        "mean": 5.0000160478055475,
        "std": 3.6388648893810043e-06,
        "min": 5.000012296019122,
        "max": 5.000020754989237,
        "median": 5.0000135760055855,
        "q1": 5.000013436016161,
        "q3": 5.0000201759976335,
        "iqr": 6.739981472492218e-06
      }
    },
    "GA_NN": {
      "final_costs": {
        "count": 5,
        "mean": 15567.948857117008,
        "std": 520.1624586917907,
        "min": 14972.574219533735,
        "max": 16385.70700217945,
        "median": 15668.02092923951,
        "q1": 15040.905297945133,
        "q3": 15772.536836687208,
        "iqr": 731.6315387420746,
        "gap_to_optimal_pct": 8.238568161657668,
        "best_gap_to_optimal_pct": 4.099134066438448,
        "worst_gap_to_optimal_pct": 13.924157929228587
      },
      "iterations": {
        "count": 5,
        "mean": 636.8,
        "std": 74.80748625639013,
        "min": 564.0,
        "max": 732.0,
        "median": 584.0,
        "q1": 580.0,
        "q3": 724.0,
        "iqr": 144.0
      },
      "convergence_times": {
        "count": 5,
        "mean": 5.002211673592683,
        "std": 0.0018705061061081434,
        "min": 5.00016123795649,
        "max": 5.005234103999101,
        "median": 5.001270666019991,
        "q1": 5.000917778990697,
        "q3": 5.0034745809971355,
        "iqr": 0.0025568020064383745
      }
    }
  },
  "experiment_config": {
    "max_seconds": 5.0,
    "n_runs": 5,
    "algorithms": [
      "SA_NN",
      "GA_NN"
    ],
    "use_nn_initialization": true
  }
}