{
  "metadata": {
    "generated_at": "2025-10-05T21:07:42.366029",
    "tsp_instance": "lin105",
    "optimal_cost": 14382.99593345118,
    "experiment_settings": {
      "max_seconds": 5.0,
      "n_runs": 5,
      "parallel_runs": true,
      "num_workers": 8
    }
  },
  "algorithms": {
    "SA_NN": {
      "final_costs": {
        "count": 5,
        "mean": 15077.41247550758,
        "std": 250.56819981452765,
        "min": 14639.383969608762,
        "max": 15350.183238746165,
        "median": 15091.232918189284,
        "q1": 15018.982662990858,
        "q3": 15287.279588002835,
        "iqr": 268.2969250119768,
        "gap_to_optimal_pct": 4.828038228401121,
        "best_gap_to_optimal_pct": 1.7825774083776835,
        "worst_gap_to_optimal_pct": 6.724519076345947
      },
      "iterations": {
        "count": 5,
        "mean": 180721.6,
        "std": 8388.171590996457,
        "min": 171656.0,
        "max": 190746.0,
        "median": 178317.0,
        "q1": 172436.0,
        "q3": 190453.0,
        "iqr": 18017.0
      },
      "convergence_times": {
        "count": 5,
        "mean": 5.000014573382214,
        "std": 5.024785099299606e-06,
        "min": 5.00000518100569,
        "max": 5.0000186619581655,
        "median": 5.000017320970073,
        "q1": 5.000013560988009,
        "q3": 5.0000181419891305,
        "iqr": 4.581001121550798e-06
      }
    },
    "GA_NN": {
      "final_costs": {
        "count": 5,
        "mean": 15706.279885824264,
        "std": 355.3891912021595,
        "min": 15298.643817862057,
        "max": 16131.72872221392,
        "median": 15661.01710003897,
        "q1": 15344.566458588515,
        "q3": 16095.443330417853,
        "iqr": 750.8768718293377,
        "gap_to_optimal_pct": 9.200335997422226,
        "best_gap_to_optimal_pct": 6.366183294826033,
        "worst_gap_to_optimal_pct": 12.158334722848906
      },
      "iterations": {
        "count": 5,
        "mean": 609.8,
        "std": 103.22867818586073,
        "min": 477.0,
        "max": 734.0,
        "median": 566.0,
        "q1": 544.0,
        "q3": 728.0,
        "iqr": 184.0
      },
      "convergence_times": {
        "count": 5,
        "mean": 5.005394884792622,
        "std": 0.0034273751104574976,
        "min": 5.0022989040007815,
        "max": 5.011864072992466,
        "median": 5.004397062002681,
        "q1": 5.002887698006816,
        "q3": 5.005526686960366,
        "iqr": 0.002638988953549415
      }
    }
  },
  "experiment_config": {
    "max_seconds": 5.0,
    "n_runs": 5,
    "algorithms": [
      "SA_NN",
      "GA_NN"
    ],
    "use_nn_initialization": true
  }
}