{
  "metadata": {
    "generated_at": "2025-10-05T22:20:51.941957",
    "tsp_instance": "lin105",
    "optimal_cost": 14382.99593345118,
    "experiment_settings": {
      "max_seconds": 5.0,
      "n_runs": 5,
      "parallel_runs": true,
      "num_workers": 8
    }
  },
  "algorithms": {
    "SA_NN": {
      "final_costs": {
        "count": 5,
        "mean": 15141.36573959031,
        "std": 421.4822979745558,
        "min": 14453.752836442301,
        "max": 15684.864865261461,
        "median": 15311.325003441942,
        "q1": 14915.354179947599,
        "q3": 15341.531812858244,
        "iqr": 426.1776329106451,
        "gap_to_optimal_pct": 5.2726831714897004,
        "best_gap_to_optimal_pct": 0.49194829309906485,
        "worst_gap_to_optimal_pct": 9.051444760423411
      },
      "iterations": {
        "count": 5,
        "mean": 199671.4,
        "std": 5658.781974948319,
        "min": 192518.0,
        "max": 206372.0,
        "median": 198318.0,
        "q1": 195071.0,
        "q3": 206078.0,
        "iqr": 11007.0
      },
      "convergence_times": {
        "count": 5,
        "mean": 5.0000092349830085,
        "std": 1.0389274465863416e-05,
        "min": 4.999997915001586,
        "max": 5.000027336005587,
        "median": 5.000005334964953,
        "q1": 5.000002113985829,
        "q3": 5.000013474957086,
        "iqr": 1.1360971257090569e-05
      }
    },
    "GA_NN": {
      "final_costs": {
        "count": 5,
        "mean": 15748.107161834027,
        "std": 433.16990441258577,
        "min": 15266.843685303857,
        "max": 16378.693383753296,
        "median": 15555.3662563459,
        "q1": 15401.824605860285,
        "q3": 16137.807877906796,
        "iqr": 735.983272046511,
        "gap_to_optimal_pct": 9.491146592122334,
        "best_gap_to_optimal_pct": 6.145087963190421,
        "worst_gap_to_optimal_pct": 13.875394664199492
      },
      "iterations": {
        "count": 5,
        "mean": 640.0,
        "std": 75.88939319825927,
        "min": 569.0,
        "max": 740.0,
        "median": 587.0,
        "q1": 579.0,
        "q3": 725.0,
        "iqr": 146.0
      },
      "convergence_times": {
        "count": 5,
        "mean": 5.003783327585552,
        "std": 0.002125741456126775,
        "min": 5.001031489984598,
        "max": 5.006254356994759,
        "median": 5.004772357991897,
        "q1": 5.001468818983994,
        "q3": 5.005389613972511,
        "iqr": 0.003920794988516718
      }
    }
  },
  "experiment_config": {
    "max_seconds": 5.0,
    "n_runs": 5,
    "algorithms": [
      "SA_NN",
      "GA_NN"
    ],
    "use_nn_initialization": true
  }
}