{
  "metadata": {
    "generated_at": "2025-10-05T23:01:46.185997",
    "tsp_instance": "lin105",
    "optimal_cost": 14382.99593345118,
    "experiment_settings": {
      "max_seconds": 5.0,
      "n_runs": 5,
      "parallel_runs": true,
      "num_workers": 8
    }
  },
  "algorithms": {
    "SA_random": {
      "final_costs": {
        "count": 5,
        "mean": 15175.893358173897,
        "std": 276.3467112707878,
        "min": 14898.740953691315,
        "max": 15615.923945037468,
        "median": 15038.489532062275,
        "q1": 14948.455378199606,
        "q3": 15377.856981878826,
        "iqr": 429.40160367922,
        "gap_to_optimal_pct": 5.512741770847884,
        "best_gap_to_optimal_pct": 3.585796885617154,
        "worst_gap_to_optimal_pct": 8.572122367905365
      },
      "iterations": {
        "count": 5,
        "mean": 196623.4,
        "std": 3124.1423527105803,
        "min": 192222.0,
        "max": 200336.0,
        "median": 197550.0,
        "q1": 193788.0,
        "q3": 199221.0,
        "iqr": 5433.0
      },
      "convergence_times": {
        "count": 5,
        "mean": 5.000015653390437,
        "std": 2.3653524650911417e-06,
        "min": 5.000012286996935,
        "max": 5.0000186279648915,
        "median": 5.000016787962522,
        "q1": 5.000013516983017,
        "q3": 5.000017047044821,
        "iqr": 3.5300618037581444e-06
      }
    },
    "GA_random": {
      "final_costs": {
        "count": 5,
        "mean": 16009.171166619602,
        "std": 636.7278280229738,
        "min": 15376.009868585434,
        "max": 17157.113924554593,
        "median": 15884.901217060511,
        "q1": 15484.709404628955,
        "q3": 16143.121418268522,
        "iqr": 658.4120136395668,
        "gap_to_optimal_pct": 11.306234394368087,
        "best_gap_to_optimal_pct": 6.904082708003534,
        "worst_gap_to_optimal_pct": 19.287483664314475
      },
      "iterations": {
        "count": 5,
        "mean": 624.4,
        "std": 49.82609757948138,
        "min": 572.0,
        "max": 693.0,
        "median": 591.0,
        "q1": 590.0,
        "q3": 676.0,
        "iqr": 86.0
      },
      "convergence_times": {
        "count": 5,
        "mean": 5.0053679721895605,
        "std": 0.0020288936434057383,
        "min": 5.002007366041653,
        "max": 5.008208452956751,
        "median": 5.005814514996018,
        "q1": 5.004691343987361,
        "q3": 5.00611818296602,
        "iqr": 0.0014268389786593616
      }
    }
  },
  "experiment_config": {
    "max_seconds": 5.0,
    "n_runs": 5,
    "algorithms": [
      "SA_random",
      "GA_random"
    ],
    "use_nn_initialization": false
  }
}